Code_ICPE,Libelle_ICPE,Composant
1530,"Dépôts de papiers, cartons ou matériaux combustibles analogues",Papier
1530,"Dépôts de papiers, cartons ou matériaux combustibles analogues",Carton
1531,"Stockages, par voie humide (immersion ou aspersion), de bois non traité chimiquement",Bois en fin de vie propre (palette)
1531,"Stockages, par voie humide (immersion ou aspersion), de bois non traité chimiquement",Bois et sous-produits du bois
1532,Stockage de bois ou de matériaux combustibles analogues,Bois en fin de vie propre (palette)
1532,Stockage de bois ou de matériaux combustibles analogues,Bois et sous-produits du bois
1532,Stockage de bois ou de matériaux combustibles analogues,Bois traité et/ou dangereux
1630,Emploi ou stockage de lessives de soude ou de potasse caustique,Soude
1630,Emploi ou stockage de lessives de soude ou de potasse caustique,Potasse
1630,Emploi ou stockage de lessives de soude ou de potasse caustique,Hydroxyde de sodium
1630,Emploi ou stockage de lessives de soude ou de potasse caustique,Hydroxyde de potassium
1978,Solvants organiques,Solvant
2171,"Dépôts de fumiers, engrais et supports de culture",Fumier et lisier
2240,"Extraction et traitement des huiles végétales, huiles animales et corps gras",Huile alimentaire
2240,"Extraction et traitement des huiles végétales, huiles animales et corps gras",Huile non alimentaire
2240,"Extraction et traitement des huiles végétales, huiles animales et corps gras",Graisse alimentaire
2240,"Extraction et traitement des huiles végétales, huiles animales et corps gras",Graisse non alimentaire
2240,"Extraction et traitement des huiles végétales, huiles animales et corps gras",Acide gras
2410,Travail du bois et matériaux combustibles analogues,Bois et sous-produits du bois
2410,Travail du bois et matériaux combustibles analogues,Bois en fin de vie propre (palette)
2410,Travail du bois et matériaux combustibles analogues,Bois traité et/ou dangereux
2440,Fabrication de papier carton,Papier
2440,Fabrication de papier carton,Carton
2445,"Transformation du papier, carton",Papier
2445,"Transformation du papier, carton",Carton
2518,Production de béton prêt à l'emploi,Béton
2520,"Fabrication de ciments, chaux, plâtres",Ciment
2520,"Fabrication de ciments, chaux, plâtres",Chaux
2520,"Fabrication de ciments, chaux, plâtres",Plâtre
2521,Station d'enrobage au bitume de matériaux routiers,Bitume
2522,Fabrication de produits en béton par procédés mécaniques,Béton
2523,Fabrication de produits céramiques et réfractaires,Céramique
2530,Fabrication et travail du verre,Verre
2530,Fabrication et travail du verre,Fibre de verre
2530,Fabrication et travail du verre,Laine de verre
2545,"Fabrication d'acier, fer, fonte, ferro-alliage",Acier
2545,"Fabrication d'acier, fer, fonte, ferro-alliage",Acier inoxydable
2545,"Fabrication d'acier, fer, fonte, ferro-alliage",Fonte
2545,"Fabrication d'acier, fer, fonte, ferro-alliage",Ferronickel
2545,"Fabrication d'acier, fer, fonte, ferro-alliage",Ferrosilicium
2550,Fonderie de produits moulés ... contenant du plomb,Plomb
2551,Fonderie de métaux et alliages ferreux,Fonte
2551,Fonderie de métaux et alliages ferreux,Acier
2551,Fonderie de métaux et alliages ferreux,Acier inoxydable
2551,Fonderie de métaux et alliages ferreux,Ferronickel
2551,Fonderie de métaux et alliages ferreux,Ferrosilicium
2552,Fonderie de métaux et alliages non-ferreux,Aluminium
2552,Fonderie de métaux et alliages non-ferreux,Cuivre
2552,Fonderie de métaux et alliages non-ferreux,Bronze
2552,Fonderie de métaux et alliages non-ferreux,Laiton
2552,Fonderie de métaux et alliages non-ferreux,Zinc
2552,Fonderie de métaux et alliages non-ferreux,Etain
2552,Fonderie de métaux et alliages non-ferreux,Argent
2552,Fonderie de métaux et alliages non-ferreux,Nickel
2552,Fonderie de métaux et alliages non-ferreux,Titane
2552,Fonderie de métaux et alliages non-ferreux,Manganèse
2552,Fonderie de métaux et alliages non-ferreux,Chrome
2662,Stockage de polymères,Polyéthylène
2662,Stockage de polymères,Polypropylène
2662,Stockage de polymères,Polystyrène
2662,Stockage de polymères,Polychlorure de vinyle
2662,Stockage de polymères,Polyester
2662,Stockage de polymères,Polyamide
2662,Stockage de polymères,Polyuréthane
2662,Stockage de polymères,Polycarbonate
2662,Stockage de polymères,Polyacrylate
2662,Stockage de polymères,Polyacrylamide
2662,Stockage de polymères,Polyacétal
2662,Stockage de polymères,Polyisobutylène
2662,Stockage de polymères,Polybutyral de vinyle
2662,Stockage de polymères,Polyéther aromatique
2662,Stockage de polymères,Polyéthylène téréphtalate
2662,Stockage de polymères,Polyéthylèneglycol
2662,Stockage de polymères,Nylon
2662,Stockage de polymères,Acrylique
2662,Stockage de polymères,Aminoplaste
2662,Stockage de polymères,Phénoplaste
2662,Stockage de polymères,Epoxyde
2662,Stockage de polymères,Silicone
2662,Stockage de polymères,Résine phénolique
2662,Stockage de polymères,Résine échangeuse d'ions
2662,Stockage de polymères,Résine époxy
2662,Stockage de polymères,Plexiglas
2662,Stockage de polymères,Latex
2662,Stockage de polymères,Caoutchouc
2713,"Transit, regroupement, tri ou préparation de métaux ou de déchets de métaux non dangereux",Métaux en mélange
2714,"Transit, regroupement, tri ou préparation de déchets non dangereux de papiers/cartons, plastiques, caoutchouc, textiles, bois",Papier
2714,"Transit, regroupement, tri ou préparation de déchets non dangereux de papiers/cartons, plastiques, caoutchouc, textiles, bois",Carton
2714,"Transit, regroupement, tri ou préparation de déchets non dangereux de papiers/cartons, plastiques, caoutchouc, textiles, bois",Plastiques en mélange
2714,"Transit, regroupement, tri ou préparation de déchets non dangereux de papiers/cartons, plastiques, caoutchouc, textiles, bois",Caoutchouc
2714,"Transit, regroupement, tri ou préparation de déchets non dangereux de papiers/cartons, plastiques, caoutchouc, textiles, bois",Textile
2714,"Transit, regroupement, tri ou préparation de déchets non dangereux de papiers/cartons, plastiques, caoutchouc, textiles, bois",Bois et sous-produits du bois
2714,"Transit, regroupement, tri ou préparation de déchets non dangereux de papiers/cartons, plastiques, caoutchouc, textiles, bois",Bois en fin de vie propre (palette)
2715,"Transit, regroupement ou tri de déchets non dangereux de verre",Verre
2718,"Transit, regroupement ou tri de déchet dangereux",Déchets dangereux
2730,Traitement de sous-produits d'origine animale,Déchet animal
2731,Dépôt de sous-produits animaux,Déchet animal
2750,Station d'épuration collective d'eaux résiduaires industrielles,Eau usée
2751,Station d'épuration collective de déjections animales,Fumier et lisier
2752,Station d'épuration mixte,Eau usée
2790,Traitement de déchets dangereux,Déchets dangereux
2794,Broyage de déchets verts,Déchet vert ligneux
2794,Broyage de déchets verts,Déchet vert non ligneux
2940,"Application, cuisson, séchage de vernis, peinture, apprêt, colle, enduit, etc.","Peinture, vernis, colle"
2960,Captage de CO2,Dioxyde de carbone
2970,Stockage géologique de CO2,Dioxyde de carbone
2971,Installation de production de chaleur ou d'électricité à partir de combustibles solides de récupération,Combustible solide de récupération
3120,Raffinage de pétrole et de gaz,Pétrole brut
3130,Production de coke,Coke
3130,Production de coke,Coke de pétrole
3140,Gazéification ou liquéfaction de charbon ou autres combustibles,Charbon
3220,Production de fonte ou d'acier,Fonte
3220,Production de fonte ou d'acier,Acier
3220,Production de fonte ou d'acier,Acier inoxydable
3230,Transformation des métaux ferreux,Fonte
3230,Transformation des métaux ferreux,Acier
3230,Transformation des métaux ferreux,Acier inoxydable
3230,Transformation des métaux ferreux,Ferronickel
3230,Transformation des métaux ferreux,Ferrosilicium
3240,Exploitation de fonderies de métaux ferreux,Fonte
3240,Exploitation de fonderies de métaux ferreux,Acier
3240,Exploitation de fonderies de métaux ferreux,Acier inoxydable
3240,Exploitation de fonderies de métaux ferreux,Ferronickel
3240,Exploitation de fonderies de métaux ferreux,Ferrosilicium
3250,Transformation de métaux non ferreux,Aluminium
3250,Transformation de métaux non ferreux,Cuivre
3250,Transformation de métaux non ferreux,Bronze
3250,Transformation de métaux non ferreux,Laiton
3250,Transformation de métaux non ferreux,Zinc
3250,Transformation de métaux non ferreux,Etain
3250,Transformation de métaux non ferreux,Plomb
3250,Transformation de métaux non ferreux,Argent
3250,Transformation de métaux non ferreux,Nickel
3250,Transformation de métaux non ferreux,Titane
3250,Transformation de métaux non ferreux,Manganèse
3250,Transformation de métaux non ferreux,Chrome
3250,Transformation de métaux non ferreux,Cadmium
3250,Transformation de métaux non ferreux,Antimoine
3250,Transformation de métaux non ferreux,Cobalt
3250,Transformation de métaux non ferreux,Mercure
3250,Transformation de métaux non ferreux,Vanadium
3250,Transformation de métaux non ferreux,Béryllium
3250,Transformation de métaux non ferreux,Sélénium
3250,Transformation de métaux non ferreux,Tellure
3250,Transformation de métaux non ferreux,Thallium
3310,"Production de ciment, chaux ou oxyde de magnésium",Ciment
3310,"Production de ciment, chaux ou oxyde de magnésium",Chaux
3310,"Production de ciment, chaux ou oxyde de magnésium",Oxyde de magnésium
3330,Fabrication du verre,Verre
3350,Fabrication de céramiques,Céramique
3510,Traitement de déchets dangereux,Déchets dangereux
3610,"Fabrication de pâte à papier, papier, carton, panneaux de bois",Papier
3610,"Fabrication de pâte à papier, papier, carton, panneaux de bois",Carton
3610,"Fabrication de pâte à papier, papier, carton, panneaux de bois",Bois et sous-produits du bois
3610,"Fabrication de pâte à papier, papier, carton, panneaux de bois",Bois en fin de vie propre (palette)
3620,Prétraitement ou teinture de textiles,Textile
3680,Fabrication de carbone,Carbone
3680,Fabrication de carbone,Noir de carbone
3690,Captage des flux de CO2,Dioxyde de carbone
3700,Préservation du bois,Bois et sous-produits du bois
3700,Préservation du bois,Bois traité et/ou dangereux
3710,Traitement des eaux résiduaires,Eau usée
4705,Nitrate de potassium et engrais composés (sous forme de comprimés ou de granulés),Nitrate de potassium
4706,Nitrate de potassium et engrais composés (sous forme de cristaux),Nitrate de potassium
4710,Chlore,Chlore
4711,Composés de nickel,Chlorure de nickel
4711,Composés de nickel,Oxyde de nickel
4711,Composés de nickel,Sulfate de nickel
4711,Composés de nickel,Fluoborate de nickel
4714,Formaldéhyde,Formaldéhyde
4715,Hydrogène,Hydrogène
4716,Chlorure d'hydrogène,Chlorure d'hydrogène
4718,Gaz inflammables liquéfiés de catégorie 1 et 2,Gaz de pétrole liquéfié
4718,Gaz inflammables liquéfiés de catégorie 1 et 2,Propane
4719,Acétylène,Acétylène
4722,Méthanol,Méthanol
4725,Oxygène,Oxygène
4734,Produits pétroliers spécifiques et carburants de substitution,Essence
4734,Produits pétroliers spécifiques et carburants de substitution,Gazole
4734,Produits pétroliers spécifiques et carburants de substitution,Fioul
4734,Produits pétroliers spécifiques et carburants de substitution,Pétrole brut
4734,Produits pétroliers spécifiques et carburants de substitution,Gaz de pétrole liquéfié
4734,Produits pétroliers spécifiques et carburants de substitution,Naphta
4734,Produits pétroliers spécifiques et carburants de substitution,Ether de pétrole
4734,Produits pétroliers spécifiques et carburants de substitution,e-diesel
4734,Produits pétroliers spécifiques et carburants de substitution,e-kérosène
4735,Ammoniac,Ammoniac
4737,Sulfure d'hydrogène,Sulfure d'hydrogène
4741,Les mélanges d'hypochlorite de sodium,Hypochlorite de sodium
4801,"Houille, coke,...",Charbon
4801,"Houille, coke,...",Coke
4801,"Houille, coke,...",Coke de pétrole
